EmployeeID,FullName,Email,City,Salary
22,Shannon Thomas,craigrasmussen@example.net,Timothyfort,54706
65,Angel Sims,phillip79@example.com,Patrickhaven,60262
63,Richard Page,cmoran@example.net,Port Waltermouth,99737
27,Robert Figueroa,aspencer@example.org,South Cameron,77059
48,Jacqueline Brown,nicholasclark@example.net,North Elizabethberg,67494
98,Michael White,mitchelljoanna@example.org,Jeffreybury,55377
88,Phillip Lloyd,navarroheather@example.com,Nixonview,88330
31,Danielle Gutierrez,mitchellmarissa@example.com,Port Kristishire,70893
12,Matthew Shepard,jacksonalexander@example.net,Holdenmouth,89047
19,Sierra Nielsen,gflores@example.net,New Michaelbury,74299
78,Carl Pitts,andrewssabrina@example.net,Santiagoport,51269
30,Lawrence Allen,alan77@example.com,Beardland,92983
8,Beth Smith,lramirez@example.net,Lake Rachelville,54707
20,Robert Bowman,williamsedgar@example.net,Jenniferstad,83946
7,Julia Harper,yfry@example.org,North Antoniostad,82050
3,Lisa Rivera,saracrane@example.com,Port Loriport,64331
87,Mark Lewis,millerraymond@example.net,Port Jacqueline,75541
17,Melanie Whitaker,amy13@example.com,North Lauraside,90819
59,Joseph Garcia,amberbryan@example.org,Powellborough,97453
42,Russell Robertson,cmcintosh@example.com,Poncebury,88034
70,Chelsea Wright,dramos@example.com,Sydneyburgh,94529
38,Charles Chang,rnelson@example.org,West Kevinberg,84391
26,Mason Mooney,zdavis@example.com,Dicksonborough,69189
89,Jeremy Weeks,davisrobert@example.net,South Jennifermouth,65850
92,Seth Scott DVM,lisamartin@example.com,Erikaborough,87463
2,Jenna Thomas,justin80@example.com,Amyside,67813
56,Gregory Fuller,wrightlori@example.net,Lopezberg,74929
95,Mark Garrett,mcintoshjared@example.org,Aaronmouth,96780
58,Kiara Walter,maysnicholas@example.org,Chavezton,66572
